seed,stage_idx,stage,fraction,ssim,spearman,dice_rand,case
0,0,control,0.0,1.0,1.0,0.9029277178017682,case_01
0,1,heads,0.008150738053775383,1.0,1.0,0.04542089448242825,case_01
0,2,final_attn,0.009551133316705918,0.2732959846002214,-0.023964934844955127,0.046864845795346936,case_01
0,3,dec_layer1,0.026355876471872347,0.5036289958456505,0.259126606209422,0.06445575327026196,case_01
0,4,decoder_full,0.04317429536202833,0.5683642220914504,-0.09457037868849874,0.07888019910801064,case_01
0,5,enc_last2,0.20302996165494855,0.6018306911392073,-0.020799885281681103,0.08161664081744366,case_01
0,6,enc_last6,0.505799793735727,0.5077377554088733,-0.09589770426244112,0.07196691176470588,case_01
0,7,enc_full,0.9999341855253627,0.5054402581979731,-0.08538680608899574,0.07482765544474934,case_01
1,0,control,0.0,1.0,1.0,0.9029277178017682,case_01
1,1,heads,0.008150738053775383,1.0,1.0,0.061259195320853894,case_01
1,2,final_attn,0.009551133316705918,0.44613998237115643,0.1932865267041216,0.0652717013783102,case_01
1,3,dec_layer1,0.026355876471872347,0.6304597474405604,0.30469130266883776,0.07492544731610339,case_01
1,4,decoder_full,0.04317429536202833,0.21886443612555875,0.11636150410955552,0.07575108178087259,case_01
1,5,enc_last2,0.20302996165494855,0.37794631333360074,-0.07733160459460134,0.0710268708152148,case_01
1,6,enc_last6,0.505799793735727,0.40305015314701764,-0.08519407817077576,0.07395332443795473,case_01
1,7,enc_full,0.9999341855253627,0.3690865240814503,0.1024866874917727,0.07915112085719334,case_01
2,0,control,0.0,1.0,1.0,0.9029277178017682,case_01
2,1,heads,0.008150738053775383,1.0,1.0,0.08967449201025843,case_01
2,2,final_attn,0.009551133316705918,0.38960838028485756,0.5205133243859935,0.0845033391176316,case_01
2,3,dec_layer1,0.026355876471872347,0.6595483445956549,0.38560594362413647,0.07724391491723247,case_01
2,4,decoder_full,0.04317429536202833,0.7177911801183411,0.06032740385506769,0.08435530862524561,case_01
2,5,enc_last2,0.20302996165494855,0.5768274568612608,0.05618550356929089,0.07058097178489844,case_01
2,6,enc_last6,0.505799793735727,0.5346444299452404,0.006384101460227586,0.07603781339909577,case_01
2,7,enc_full,0.9999341855253627,0.5607618790380869,-0.06884445534596417,0.09105592372524643,case_01
0,0,control,0.0,1.0,1.0,0.9033333333333333,case_02
0,1,heads,0.008150738053775383,1.0,1.0,0.029526232690044955,case_02
0,2,final_attn,0.009551133316705918,0.4605495528155365,0.1244817640319489,0.029774841345735895,case_02
0,3,dec_layer1,0.026355876471872347,0.5405354955149306,0.28359215741064686,0.0416175430323037,case_02
0,4,decoder_full,0.04317429536202833,0.6235694641977634,0.054504992405245645,0.05299905601809724,case_02
0,5,enc_last2,0.20302996165494855,0.47497063722891675,0.1420035096873611,0.0521924440594954,case_02
0,6,enc_last6,0.505799793735727,0.5075637341365299,0.05671138242522426,0.05148398324767277,case_02
0,7,enc_full,0.9999341855253627,0.45074216263018596,0.07689092382926184,0.05183431802460988,case_02
1,0,control,0.0,1.0,1.0,0.9033333333333333,case_02
1,1,heads,0.008150738053775383,1.0,1.0,0.04166321715373789,case_02
1,2,final_attn,0.009551133316705918,0.6490922211186582,0.37818103306639517,0.04128326544116127,case_02
1,3,dec_layer1,0.026355876471872347,0.5885797608760498,0.3912923483471119,0.04694729968589217,case_02
1,4,decoder_full,0.04317429536202833,0.6312213806636128,0.011130170711755535,0.05344722587262412,case_02
1,5,enc_last2,0.20302996165494855,0.38360653735874745,0.038010974369903715,0.05111377025036819,case_02
1,6,enc_last6,0.505799793735727,0.5926750273808205,0.009475610135505757,0.050285269592207006,case_02
1,7,enc_full,0.9999341855253627,0.606154334473483,-0.1203589802948968,0.05499188001771633,case_02
2,0,control,0.0,1.0,1.0,0.9033333333333333,case_02
2,1,heads,0.008150738053775383,1.0,1.0,0.05336725954382551,case_02
2,2,final_attn,0.009551133316705918,0.5442168615743879,0.5186673607501003,0.03185690750764886,case_02
2,3,dec_layer1,0.026355876471872347,0.6377671994234902,0.34867931433708255,0.06291013612451868,case_02
2,4,decoder_full,0.04317429536202833,0.5735993724175896,-0.02799376318948923,0.057563411749244314,case_02
2,5,enc_last2,0.20302996165494855,0.5564185825965776,-0.11368980856586586,0.05333308719009027,case_02
2,6,enc_last6,0.505799793735727,0.4912555102458741,-0.012589419582607328,0.056788220500547604,case_02
2,7,enc_full,0.9999341855253627,0.44937851901107295,-0.024591189185119273,0.060265171794791045,case_02
0,0,control,0.0,1.0,0.9999999999999998,0.8358891093872151,case_03
0,1,heads,0.008150738053775383,1.0,0.9999999999999998,0.09806732809542926,case_03
0,2,final_attn,0.009551133316705918,0.3597237919132663,0.13907584617506974,0.09787263594064677,case_03
0,3,dec_layer1,0.026355876471872347,0.35421952916036603,0.09270422616650498,0.1052376511708166,case_03
0,4,decoder_full,0.04317429536202833,0.5306122997347308,0.049965445662797654,0.13413556706219176,case_03
0,5,enc_last2,0.20302996165494855,0.3832700948283434,0.05139204347800759,0.11641931482827937,case_03
0,6,enc_last6,0.505799793735727,0.4667147703705871,-0.012860999122888826,0.11860382286596224,case_03
0,7,enc_full,0.9999341855253627,0.3110913196101957,-0.10101670571279951,0.11264568968534527,case_03
1,0,control,0.0,1.0,0.9999999999999998,0.8358891093872151,case_03
1,1,heads,0.008150738053775383,1.0,0.9999999999999998,0.12182132232991076,case_03
1,2,final_attn,0.009551133316705918,0.4445444688543607,0.27104165967649735,0.12468827930174564,case_03
1,3,dec_layer1,0.026355876471872347,0.5868633518454399,0.40207457228166826,0.12650040050831432,case_03
1,4,decoder_full,0.04317429536202833,0.48976919553419773,0.1875333210229313,0.1301700586628264,case_03
1,5,enc_last2,0.20302996165494855,0.4155006498428595,0.18730659940883052,0.12078666690407934,case_03
1,6,enc_last6,0.505799793735727,0.48452033936766187,0.14886133769156992,0.12275557380093638,case_03
1,7,enc_full,0.9999341855253627,0.43050756907102344,0.20924043223895852,0.13826779506334294,case_03
2,0,control,0.0,1.0,0.9999999999999998,0.8358891093872151,case_03
2,1,heads,0.008150738053775383,1.0,0.9999999999999998,0.0775667171658315,case_03
2,2,final_attn,0.009551133316705918,0.5120715237728941,0.5750805727515245,0.12028448947778644,case_03
2,3,dec_layer1,0.026355876471872347,0.69491722817289,0.4553301952282292,0.14164127143801097,case_03
2,4,decoder_full,0.04317429536202833,0.5678593193755848,-0.05274225054156877,0.13043727697268023,case_03
2,5,enc_last2,0.20302996165494855,0.5364745611146113,-0.14107340579758287,0.12663563601169062,case_03
2,6,enc_last6,0.505799793735727,0.5393873996886748,-0.0800747781153499,0.12419685011418632,case_03
2,7,enc_full,0.9999341855253627,0.4608638094380942,-0.12012085988993317,0.13893924025782808,case_03
0,0,control,0.0,1.0,1.0,0.9701830146000411,case_04
0,1,heads,0.008150738053775383,1.0,1.0,0.0679670013429686,case_04
0,2,final_attn,0.009551133316705918,0.41758305800215006,0.22027174682133766,0.07057508966064123,case_04
0,3,dec_layer1,0.026355876471872347,0.5952585933203941,0.28157635924857727,0.06555477692128008,case_04
0,4,decoder_full,0.04317429536202833,0.4660000377924376,-0.1557934162427436,0.07582631237848347,case_04
0,5,enc_last2,0.20302996165494855,0.3987737358426339,-0.026722159842406834,0.08879780420860019,case_04
0,6,enc_last6,0.505799793735727,0.44551351645432863,0.009884132050596326,0.0812768674185997,case_04
0,7,enc_full,0.9999341855253627,0.32324954173222087,-0.058117103876307884,0.08093235132753662,case_04
1,0,control,0.0,1.0,1.0,0.9701830146000411,case_04
1,1,heads,0.008150738053775383,1.0,1.0,0.07891461649782923,case_04
1,2,final_attn,0.009551133316705918,0.4217605741471402,0.22737570145296016,0.08339235706268865,case_04
1,3,dec_layer1,0.026355876471872347,0.5481954389712602,0.38409206435652227,0.07702404361141983,case_04
1,4,decoder_full,0.04317429536202833,0.4812951544775594,0.008441939424559331,0.09092490408867328,case_04
1,5,enc_last2,0.20302996165494855,0.4124696819432694,-0.03617862080648939,0.08682771289527531,case_04
1,6,enc_last6,0.505799793735727,0.6252570831054463,-0.059002025113241895,0.08860633066994468,case_04
1,7,enc_full,0.9999341855253627,0.5573130108450665,-0.05383932061677835,0.08853335911192743,case_04
2,0,control,0.0,1.0,1.0,0.9701830146000411,case_04
2,1,heads,0.008150738053775383,1.0,1.0,0.09661301372015411,case_04
2,2,final_attn,0.009551133316705918,0.5904406164036894,0.5407102829019875,0.08657004830917875,case_04
2,3,dec_layer1,0.026355876471872347,0.7351428687697461,0.5101373745698802,0.10805281084138695,case_04
2,4,decoder_full,0.04317429536202833,0.5794827704292773,-0.12571240109138174,0.09527147071767371,case_04
2,5,enc_last2,0.20302996165494855,0.5242646992676527,-0.05917462173560416,0.08728685689869277,case_04
2,6,enc_last6,0.505799793735727,0.5544241889109183,-0.05810938466231225,0.08629073978272116,case_04
2,7,enc_full,0.9999341855253627,0.47215611868197305,-0.039001152220727836,0.09612422099292767,case_04
0,0,control,0.0,1.0,1.0,0.6405001736714137,case_05
0,1,heads,0.008150738053775383,1.0,1.0,0.04114532167245717,case_05
0,2,final_attn,0.009551133316705918,0.2781593616882293,-0.05718790590030169,0.03328830233122034,case_05
0,3,dec_layer1,0.026355876471872347,0.36628634989946085,0.1470331832432192,0.042850749608413514,case_05
0,4,decoder_full,0.04317429536202833,0.5680532882211761,0.04490565414469231,0.05982783013212479,case_05
0,5,enc_last2,0.20302996165494855,0.5772140648456626,0.06950094527002808,0.05687451508840704,case_05
0,6,enc_last6,0.505799793735727,0.5780661223833911,-0.021198371064558394,0.06030716944190471,case_05
0,7,enc_full,0.9999341855253627,0.3788197445355581,-0.1048346163396492,0.0537749179144684,case_05
1,0,control,0.0,1.0,1.0,0.6405001736714137,case_05
1,1,heads,0.008150738053775383,1.0,1.0,0.050445219745886276,case_05
1,2,final_attn,0.009551133316705918,0.7111955523031651,0.4089672920057642,0.05118402643836326,case_05
1,3,dec_layer1,0.026355876471872347,0.5183893556859578,0.32699724246166656,0.05637046835001547,case_05
1,4,decoder_full,0.04317429536202833,0.6143578711693194,0.17538408584275048,0.06088132790996966,case_05
1,5,enc_last2,0.20302996165494855,0.6385895249931905,0.058890229172411455,0.05148681101977859,case_05
1,6,enc_last6,0.505799793735727,0.5668182986990475,0.05533655085863015,0.05691748251748252,case_05
1,7,enc_full,0.9999341855253627,0.5025299917052279,0.08013459951466448,0.05990834212639967,case_05
2,0,control,0.0,1.0,1.0,0.6405001736714137,case_05
2,1,heads,0.008150738053775383,1.0,1.0,0.048223698391237045,case_05
2,2,final_attn,0.009551133316705918,0.6676931915614366,0.6020608416605764,0.0536944156053051,case_05
2,3,dec_layer1,0.026355876471872347,0.5887621989160424,0.39553719855058483,0.06610003964455274,case_05
2,4,decoder_full,0.04317429536202833,0.6174433700166885,-0.1266802139410466,0.07147814018043026,case_05
2,5,enc_last2,0.20302996165494855,0.6151760998983574,-0.08868252687591921,0.04582592023215242,case_05
2,6,enc_last6,0.505799793735727,0.5680045957351967,-0.07674213750953733,0.0535194880744619,case_05
2,7,enc_full,0.9999341855253627,0.6440374049777133,-0.08955776312970382,0.06477267503332873,case_05
