stage_idx,stage,fraction,ssim_mean,ssim_sd,spearman_mean,spearman_sd,dice_mean,case
0,control,0.0,1.0,0.0,1.0,0.0,0.9029277178017682,case_01
1,heads,0.008150738053775383,1.0,0.0,1.0,0.0,0.06545152727118018,case_01
2,final_attn,0.009551133316705918,0.36968144908541184,0.08812816707290766,0.22994497208172002,0.27408397418841873,0.06554662876376292,case_01
3,dec_layer1,0.026355876471872347,0.5978790292939552,0.08290861369524741,0.31647461750079875,0.06405771288094925,0.0722083718345326,case_01
4,decoder_full,0.04317429536202833,0.5016732794451167,0.2560619755861894,0.027372843092041493,0.10925917399237474,0.07966219650470961,case_01
5,enc_last2,0.20302996165494855,0.518868153778023,0.12268053744083394,-0.01398199543566385,0.06701915591512955,0.07440816113918564,case_01
6,enc_last6,0.505799793735727,0.48181077950037715,0.06952279828467511,-0.0582358936576631,0.05621787731366871,0.07398601653391879,case_01
7,enc_full,0.9999341855253627,0.47842955377250346,0.09865112285021507,-0.017248191314395738,0.10402280155846723,0.08167823334239636,case_01
0,control,0.0,1.0,0.0,1.0,0.0,0.9033333333333333,case_02
1,heads,0.008150738053775383,1.0,0.0,1.0,0.0,0.04151890312920278,case_02
2,final_attn,0.009551133316705918,0.5512862118361942,0.09446992234334861,0.3404433859494815,0.19978405510063063,0.03430500476484868,case_02
3,dec_layer1,0.026355876471872347,0.5889608186048235,0.048616971984945134,0.3411879400316138,0.05423949943238998,0.05049165961423818,case_02
4,decoder_full,0.04317429536202833,0.6094634057596552,0.03129392308533212,0.01254713330917065,0.04126762660878143,0.054669897879988556,case_02
5,enc_last2,0.20302996165494855,0.47166525239474727,0.08645342631438578,0.02210822516379966,0.1285863185726642,0.05221310049998462,case_02
6,enc_last6,0.505799793735727,0.5304980905877414,0.05446070274376599,0.01786585765937423,0.035404060217240685,0.05285249111347579,case_02
7,enc_full,0.9999341855253627,0.5020916720382473,0.09012348842456304,-0.022686415216918082,0.09863874640398618,0.055697123279039085,case_02
0,control,0.0,1.0,0.0,0.9999999999999997,0.0,0.8358891093872151,case_03
1,heads,0.008150738053775383,1.0,0.0,0.9999999999999997,0.0,0.09915178919705718,case_03
2,final_attn,0.009551133316705918,0.4387799281801737,0.07633727986758194,0.3283993595343639,0.22358993648863332,0.11428180157339296,case_03
3,dec_layer1,0.026355876471872347,0.545333369726232,0.17410423627592578,0.31670299789213413,0.195807629179252,0.12445977437238064,case_03
4,decoder_full,0.04317429536202833,0.5294136048815045,0.039058859589139995,0.06158550538138672,0.12055852070077619,0.13158096756589946,case_03
5,enc_last2,0.20302996165494855,0.44508176859527143,0.08077242142277445,0.032541745696418406,0.16499956742271163,0.12128053924801645,case_03
6,enc_last6,0.505799793735727,0.49687416980897464,0.03787862996374832,0.018641853484443735,0.11767437517144223,0.12185208226036165,case_03
7,enc_full,0.9999341855253627,0.40082089937310444,0.07917653342769557,-0.003965711121258052,0.18488884999266136,0.12995090833550543,case_03
0,control,0.0,1.0,0.0,1.0,0.0,0.9701830146000411,case_04
1,heads,0.008150738053775383,1.0,0.0,1.0,0.0,0.08116487718698398,case_04
2,final_attn,0.009551133316705918,0.4765947495176599,0.09861553612671323,0.3294525770587618,0.18298901675089468,0.0801791650108362,case_04
3,dec_layer1,0.026355876471872347,0.6261989670204668,0.0972384462061692,0.39193526605832657,0.11448218765763345,0.08354387712469562,case_04
4,decoder_full,0.04317429536202833,0.5089259875664248,0.06158067760726299,-0.09102129263652199,0.08744093873673534,0.08734089572827682,case_04
5,enc_last2,0.20302996165494855,0.44516937235118537,0.06884001590583062,-0.040691800794833456,0.01669033151072045,0.0876374580008561,case_04
6,enc_last6,0.505799793735727,0.5417315961568977,0.09054150358388549,-0.035742425908319275,0.03951627886235459,0.08539131262375517,case_04
7,enc_full,0.9999341855253627,0.4509062237530868,0.11846980804893513,-0.05031919223793802,0.01003236660899392,0.08852997714413058,case_04
0,control,0.0,1.0,0.0,1.0,0.0,0.6405001736714137,case_05
1,heads,0.008150738053775383,1.0,0.0,1.0,0.0,0.0466047466031935,case_05
2,final_attn,0.009551133316705918,0.5523493685176103,0.23844964611285943,0.31794674258867966,0.33891854936295174,0.04605558145829624,case_05
3,dec_layer1,0.026355876471872347,0.49114596816715367,0.11371247720253481,0.28985587475182356,0.12834785663379494,0.055107085867660575,case_05
4,decoder_full,0.04317429536202833,0.5999515098023946,0.0276677154969048,0.03120317534879873,0.15149761960120972,0.06406243274084157,case_05
5,enc_last2,0.20302996165494855,0.6103265632457369,0.030973783775784188,0.013236215855506772,0.08842352296754524,0.05139574878011268,case_05
6,enc_last6,0.505799793735727,0.5709630056058784,0.006180010204743171,-0.014201319238488525,0.06631677035981476,0.056914713344616376,case_05
7,enc_full,0.9999341855253627,0.5084623804061664,0.13270831465803815,-0.038085926651562844,0.10266652407802791,0.05948531169139893,case_05
